Year,Type,1,2,3,4
1979,background check,,"California
Hawaii
Illinois
Massachusetts
Maryland
Michigan
Minnesota
New Jersey
New York
Rhode Island
Tennessee
Washington","Hawaii
Massachusetts
Michigan
Missouri
New Jersey
Rhode Island
Tennessee","Hawaii
Illinois
Massachusetts
Michigan
Missouri
New Jersey
New York
Rhode Island"
1979,concealed weapon,Vermont,"Alabama
Connecticut
New Hampshire
Washington","California
Colorado
District of Columbia
Delaware
Florida
Georgia
Hawaii
Iowa
Idaho
Indiana
Louisiana
Massachusetts
Maryland
Maine
Michigan
Minnesota
Montana
New Jersey
Nevada
New York
Oregon
Pennsylvania
Rhode Island
South Carolina
South Dakota
Utah
West Virginia
Wyoming","Alaska
Arkansas
Arizona
Illinois
Kansas
Kentucky
Missouri
Mississippi
North Carolina
North Dakota
Nebraska
New Mexico
Ohio
Oklahoma
Tennessee
Texas
Virginia
Wisconsin"
1979,self defense,"Alaska
Alabama
Arkansas
Arizona
California
Colorado
District of Columbia
Florida
Georgia
Idaho
Illinois
Indiana
Kansas
Kentucky
Massachusetts
Maryland
Maine
Michigan
Minnesota
Missouri
Mississippi
North Carolina
New Hampshire
New Jersey
New Mexico
Nevada
New York
Ohio
Oklahoma
Oregon
Rhode Island
South Carolina
South Dakota
Tennessee
Texas
Utah
Virginia
Vermont
Washington
Wisconsin
West Virginia
Wyoming
","Connecticut
Delaware
Hawaii
Iowa
North Dakota
Nebraska
Pennsylvania","Louisiana
Montana",
1979,child access,,District of Columbia,,
1980,background check,,"California
Hawaii
Illinois
Massachusetts
Maryland
Michigan
Minnesota
New Jersey
New York
Rhode Island
Tennessee
Washington","Hawaii
Massachusetts
Michigan
Missouri
New Jersey
Rhode Island
Tennessee","Hawaii
Illinois
Massachusetts
Michigan
Missouri
New Jersey
New York
Rhode Island"
1980,concealed weapon,Vermont,"Alabama
Connecticut
Indiana
New Hampshire
Washington","California
Colorado
District of Columbia
Delaware
Florida
Georgia
Hawaii
Iowa
Idaho
Indiana
Louisiana
Massachusetts
Maryland
Maine
Michigan
Minnesota
Montana
New Jersey
Nevada
New York
Oregon
Pennsylvania
Rhode Island
South Carolina
South Dakota
Utah
West Virginia
Wyoming","Alaska
Arkansas
Arizona
Illinois
Kansas
Kentucky
Missouri
Mississippi
North Carolina
North Dakota
Nebraska
New Mexico
Ohio
Oklahoma
Tennessee
Texas
Virginia
Wisconsin"
1980,self defense,"Alaska
Alabama
Arkansas
Arizona
California
Colorado
District of Columbia
Florida
Georgia
Idaho
Illinois
Indiana
Kansas
Kentucky
Massachusetts
Maryland
Maine
Michigan
Minnesota
Missouri
Mississippi
North Carolina
New Hampshire
New Jersey
New Mexico
Nevada
New York
Ohio
Oklahoma
Oregon
Rhode Island
South Carolina
South Dakota
Tennessee
Texas
Utah
Virginia
Vermont
Washington
Wisconsin
West Virginia
Wyoming
","Connecticut
Delaware
Hawaii
Iowa
North Dakota
Nebraska
Pennsylvania","Louisiana
Montana",
1980,child access,,District of Columbia,,
1981,background check,,"California
Hawaii
Illinois
Massachusetts
Maryland
Michigan
Minnesota
Missouri
New Jersey
New York
Rhode Island
Tennessee
Washingto","Hawaii
Massachusetts
Michigan
Missouri
New Jersey
Rhode Island
Tennessee","Hawaii
Illinois
Massachusetts
Michigan
Missouri
New Jersey
New York
Rhode Island"
1981,concealed weapon,Vermont,"Alabama
Connecticut
Indiana
New Hampshire
Washington","California
Colorado
District of Columbia
Delaware
Florida
Georgia
Hawaii
Iowa
Idaho
Louisiana
Massachusetts
Maryland
Maine
Michigan
Minnesota
Montana
New Jersey
Nevada
New York
Oregon
Pennsylvania
Rhode Island
South Carolina
South Dakota
Utah
West Virginia
Wyoming
","Alaska
Arkansas
Arizona
Illinois
Kansas
Kentucky
Missouri
Mississippi
North Carolina
North Dakota
Nebraska
New Mexico
Ohio
Oklahoma
Tennessee
Texas
Virginia
Wisconsin"
1981,self defense,"Alaska
Alabama
Arkansas
Arizona
California
Colorado
District of Columbia
Florida
Georgia
Idaho
Illinois
Indiana
Kansas
Kentucky
Massachusetts
Maryland
Maine
Michigan
Minnesota
Missouri
Mississippi
North Carolina
New Hampshire
New Jersey
New Mexico
Nevada
New York
Ohio
Oklahoma
Oregon
Rhode Island
South Carolina
South Dakota
Tennessee
Texas
Utah
Virginia
Vermont
Washington
Wisconsin
West Virginia
Wyoming
","Connecticut
Delaware
Hawaii
Iowa
North Dakota
Nebraska
Pennsylvania","Louisiana
Montana",
1981,child access,Missouri,District of Columbia,,
1982,background check,,"California
Hawaii
Illinois
Massachusetts
Maryland
Michigan
Minnesota
Missouri
New Jersey
New York
Rhode Island
Tennessee
Washington","Hawaii
Massachusetts
Michigan
Missouri
New Jersey
Rhode Island
Tennessee","Hawaii
Illinois
Massachusetts
Michigan
Missouri
New Jersey
New York
Rhode Island"
1982,concealed weapon,Vermont,"Alabama
Connecticut
Indiana
New Hampshire
Washington","California
Colorado
District of Columbia
Delaware
Florida
Georgia
Hawaii
Iowa
Idaho
Louisiana
Massachusetts
Maryland
Maine
Michigan
Minnesota
Montana
New Jersey
Nevada
New York
Oregon
Pennsylvania
Rhode Island
South Carolina
South Dakota
Utah
West Virginia
Wyoming","Alaska
Arkansas
Arizona
Illinois
Kansas
Kentucky
Missouri
Mississippi
North Carolina
North Dakota
Nebraska
New Mexico
Ohio
Oklahoma
Tennessee
Texas
Virginia
Wisconsin"
1982,self defense,"Alaska
Alabama
Arkansas
Arizona
California
Colorado
District of Columbia
Florida
Georgia
Idaho
Illinois
Indiana
Kansas
Kentucky
Massachusetts
Maryland
Maine
Michigan
Minnesota
Missouri
Mississippi
North Carolina
New Hampshire
New Jersey
New Mexico
Nevada
New York
Ohio
Oklahoma
Oregon
Rhode Island
South Carolina
South Dakota
Tennessee
Texas
Utah
Virginia
Vermont
Washington
Wisconsin
West Virginia
Wyoming","Connecticut
Delaware
Hawaii
Iowa
North Dakota
Nebraska
Pennsylvania","Louisiana
Montana",
1982,child access,Missouri,District of Columbia,,
1983,background check,,"California
Hawaii
Illinois
Indiana
Massachusetts
Maryland
Michigan
Minnesota
Missouri
New Jersey
New York
Rhode Island
Tennessee
Washington
","Hawaii
Massachusetts
Michigan
Missouri
New Jersey
Rhode Island
Tennessee","Hawaii
Illinois
Massachusetts
Michigan
Missouri
New Jersey
New York
Rhode Island
"
1983,concealed weapon,Vermont,"Alabama
Connecticut
Indiana
New Hampshire
Washington


","California
Colorado
District of Columbia
Delaware
Florida
Georgia

Hawaii
Iowa
Idaho
Louisiana
Massachusetts
Maryland
Maine
Michigan
Minnesota
Montana
New Jersey
Nevada
New York
Oregon
Pennsylvania
Rhode Island
South Carolina
South Dakota
Utah
West Virginia
Wyoming
","Alaska
Arkansas
Arizona
Illinois
Kansas
Kentucky
Missouri
Mississippi
North Carolina
North Dakota
Nebraska
New Mexico
Ohio
Oklahoma
Tennessee
Texas
Virginia
Wisconsin"
1983,self defense,"Alaska
Alabama
Arkansas
Arizona
California
Colorado
District of Columbia
Florida
Georgia
Idaho
Illinois
Indiana
Kansas
Kentucky
Massachusetts
Maryland
Maine
Michigan
Minnesota
Missouri
Mississippi
North Carolina
New Hampshire
New Jersey
New Mexico
Nevada
New York
Ohio
Oklahoma
Oregon
Rhode Island
South Carolina
South Dakota
Tennessee
Texas
Utah
Virginia
Vermont
Washington
Wisconsin
West Virginia
Wyoming
","Connecticut
Delaware
Hawaii
Iowa
North Dakota
Nebraska
Pennsylvania
","Louisiana
Montana",
1983,child access,Missouri,District of Columbia,,
1984,background check,,"California
Hawaii
Illinois
Indiana
Massachusetts
Maryland
Michigan
Minnesota
Missouri
New Jersey
New York
Rhode Island
Tennessee
Washington","Hawaii
Massachusetts
Michigan
Missouri
New Jersey
Rhode Island
Tennessee","Hawaii
Illinois
Massachusetts
Michigan
Missouri
New Jersey
New York
Rhode Island"
1984,concealed weapon,Vermont,"Alabama
Connecticut
Indiana
New Hampshire
Washington","California
Colorado
District of Columbia
Delaware
Florida
Georgia
Hawaii
Iowa
Idaho
Louisiana
Massachusetts
Maryland
Maine
Michigan
Minnesota
Montana
New Jersey
Nevada
New York
Oregon
Pennsylvania
Rhode Island
South Carolina
South Dakota
Utah
West Virginia
Wyoming","Alaska
Arkansas
Arizona
Illinois
Kansas
Kentucky
Missouri
Mississippi
North Carolina
North Dakota
Nebraska
New Mexico
Ohio
Oklahoma
Tennessee
Texas
Virginia
Wisconsin"
1984,self defense,"Alaska
Alabama
Arkansas
Arizona
California
Colorado
District of Columbia
Florida
Georgia
Idaho
Illinois
Indiana
Kansas
Kentucky
Massachusetts
Maryland
Maine
Michigan
Minnesota
Missouri
Mississippi
North Carolina
New Hampshire
New Jersey
New Mexico
Nevada
New York
Ohio
Oklahoma
Oregon
Rhode Island
South Carolina
South Dakota
Tennessee
Texas
Utah
Virginia
Vermont
Washington
Wisconsin
West Virginia
Wyoming
","Connecticut
Delaware
Hawaii
Iowa
North Dakota
Nebraska
Pennsylvania","Louisiana
Montana",
1984,child access,Missouri,District of Columbia,,
1985,background check,,"California
Hawaii
Illinois
Indiana
Massachusetts
Maryland
Michigan
Minnesota
Missouri
New Jersey
New York
Rhode Island
Tennessee
Washington
","Hawaii
Massachusetts
Michigan
Missouri
New Jersey
Rhode Island
Tennessee
","Hawaii
Illinois
Massachusetts
Michigan
Missouri
New Jersey
New York
Rhode Island"
1985,concealed weapon,Vermont,"Alabama
Connecticut
Indiana
Maine
North Dakota
New Hampshire
South Dakota
Washington","California
Colorado
District of Columbia
Delaware
Florida
Georgia
Hawaii
Iowa
Idaho
Louisiana
Massachusetts
Maryland
Maine
Michigan
Minnesota
Montana
New Jersey
Nevada
New York
Oregon
Pennsylvania
Rhode Island
South Carolina
South Dakota
Utah
West Virginia
Wyoming","Alaska
Arkansas
Arizona
Illinois
Kansas
Kentucky
Missouri
Mississippi
North Carolina
North Dakota
Nebraska
New Mexico
Ohio
Oklahoma
Tennessee
Texas
Virginia
Wisconsin"
1985,self defense,"Alaska
Alabama
Arkansas
Arizona
California
Colorado
District of Columbia
Florida
Georgia
Idaho
Illinois
Indiana
Kansas
Kentucky
Massachusetts
Maryland
Maine
Michigan
Minnesota
Missouri
Mississippi
North Carolina
New Hampshire
New Jersey
New Mexico
Nevada
New York
Ohio
Oklahoma
Oregon
Rhode Island
South Carolina
South Dakota
Tennessee
Texas
Utah
Virginia
Vermont
Washington
Wisconsin
West Virginia
Wyoming
","Connecticut
Delaware
Hawaii
Iowa
North Dakota
Nebraska
Pennsylvania
","Louisiana
Montana",
1985,child access,Missouri,District of Columbia,,
1986,background check,,"California
Hawaii
Illinois
Indiana
Massachusetts
Maryland
Michigan
Minnesota
Missouri
New Jersey
New York
Rhode Island
Tennessee
Washington","Hawaii
Massachusetts
Michigan
Missouri
New Jersey
Rhode Island
Tennessee","Hawaii
Illinois
Massachusetts
Michigan
Missouri
New Jersey
New York
Rhode Island"
1986,concealed weapon,Vermont,"Alabama
Connecticut
Indiana
Maine
North Dakota
New Hampshire
South Dakota
Washington","California
Colorado
District of Columbia
Delaware
Florida
Georgia
Hawaii
Iowa
Idaho
Louisiana
Massachusetts
Maryland
Michigan
Minnesota
Montana
New Jersey
Nevada
New York
Oregon
Pennsylvania
Rhode Island
South Carolina
Utah
West Virginia
Wyoming
","Alaska
Arkansas
Arizona
Illinois
Kansas
Kentucky
Missouri
Mississippi
North Carolina
Nebraska
New Mexico
Ohio
Oklahoma
Tennessee
Texas
Virginia
Wisconsin"
1986,self defense,"Alaska
Alabama
Arkansas
Arizona
California
Colorado
District of Columbia
Florida
Georgia
Idaho
Illinois
Indiana
Kansas
Kentucky
Massachusetts
Maryland
Maine
Michigan
Minnesota
Missouri
Mississippi
North Carolina
New Hampshire
New Jersey
New Mexico
Nevada
New York
Ohio
Oklahoma
Oregon
Rhode Island
South Carolina
South Dakota
Tennessee
Texas
Utah
Virginia
Vermont
Washington
Wisconsin
West Virginia
Wyoming
","Connecticut
Delaware
Hawaii
Iowa
North Dakota
Nebraska
Pennsylvania","Louisiana
Montana",
1986,child access,Missouri,District of Columbia,,
1987,background check,,"California
Hawaii
Illinois
Indiana
Massachusetts
Maryland
Michigan
Minnesota
Missouri
New Jersey
New York
Rhode Island
Tennessee
Washington
","Hawaii
Massachusetts
Michigan
Missouri
New Jersey
Rhode Island
Tennessee","Hawaii
Illinois
Massachusetts
Michigan
Missouri
New Jersey
New York
Rhode Island"
1987,concealed weapon,Vermont,"Alabama
Connecticut
Florida
Indiana
Maine
North Dakota
New Hampshire
South Dakota
Washington","California
Colorado
District of Columbia
Delaware
Florida
Georgia
Hawaii
Iowa
Idaho
Louisiana
Massachusetts
Maryland
Michigan
Minnesota
Montana
New Jersey
Nevada
New York
Oregon
Pennsylvania
Rhode Island
South Carolina
Utah
West Virginia
Wyoming","Alaska
Arkansas
Arizona
Illinois
Kansas
Kentucky
Missouri
Mississippi
North Carolina
Nebraska
New Mexico
Ohio
Oklahoma
Tennessee
Texas
Virginia
Wisconsin"
1987,self defense,"Alaska
Alabama
Arkansas
Arizona
California
Colorado
District of Columbia
Florida
Georgia
Idaho
Illinois
Indiana
Kansas
Kentucky
Massachusetts
Maryland
Maine
Michigan
Minnesota
Missouri
Mississippi
North Carolina
New Hampshire
New Jersey
New Mexico
Nevada
New York
Ohio
Oklahoma
Oregon
Rhode Island
South Carolina
South Dakota
Tennessee
Texas
Utah
Virginia
Vermont
Washington
Wisconsin
West Virginia
Wyoming
","Connecticut
Delaware
Hawaii
Iowa
North Dakota
Nebraska
Pennsylvania
","Louisiana
Montana",
1987,child access,Missouri,District of Columbia,,
1988,background check,,"California
Hawaii
Illinois
Indiana
Massachusetts
Maryland
Michigan
Minnesota
Missouri
New Jersey
New York
Rhode Island
Tennessee
Washington
","Hawaii
Massachusetts
Michigan
Missouri
New Jersey
Rhode Island
Tennessee","Hawaii
Illinois
Massachusetts
Michigan
Missouri
New Jersey
New York
Rhode Island"
1988,concealed weapon,Vermont,"Alabama
Connecticut
Florida
Indiana
Maine
North Dakota
New Hampshire
South Dakota
Washington","California
Colorado
District of Columbia
Delaware
Georgia
Hawaii
Iowa
Idaho
Louisiana
Massachusetts
Maryland
Michigan
Minnesota
Montana
New Jersey
Nevada
New York
Oregon
Pennsylvania
Rhode Island
South Carolina
Utah
West Virginia
Wyoming","Alaska
Arkansas
Arizona
Illinois
Kansas
Kentucky
Missouri
Mississippi
North Carolina
Nebraska
New Mexico
Ohio
Oklahoma
Tennessee
Texas
Virginia
Wisconsin"
1988,self defense,"Alaska
Alabama
Arkansas
Arizona
California
Colorado
District of Columbia
Florida
Georgia
Idaho
Illinois
Indiana
Kansas
Kentucky
Massachusetts
Maryland
Maine
Michigan
Minnesota
Missouri
Mississippi
North Carolina
New Hampshire
New Jersey
New Mexico
Nevada
New York
Ohio
Oklahoma
Oregon
Rhode Island
South Carolina
South Dakota
Tennessee
Texas
Utah
Virginia
Vermont
Washington
Wisconsin
West Virginia
Wyoming","Connecticut
Delaware
Hawaii
Iowa
North Dakota
Nebraska
Pennsylvania","Louisiana
Montana",
1988,child access,Missouri,District of Columbia,,
1989,background check,,"California
Hawaii
Illinois
Indiana
Massachusetts
Maryland
Michigan
Minnesota
Missouri
New Jersey
New York
Rhode Island
Tennessee
Virginia
Washington
","Hawaii
Massachusetts
Michigan
Missouri
New Jersey
Rhode Island
Tennessee","Hawaii
Illinois
Massachusetts
Michigan
Missouri
New Jersey
New York
Rhode Island"
1989,concealed weapon,Vermont,"Alabama
Connecticut
Florida
Georgia
Indiana
Maine
North Dakota
New Hampshire
Pennsylvania
South Dakota
Washington
West Virginia
","California
Colorado
District of Columbia
Delaware
Georgia
Hawaii
Iowa
Idaho
Louisiana
Massachusetts
Maryland
Michigan
Minnesota
Montana
New Jersey
Nevada
New York
Oregon
Pennsylvania
Rhode Island
South Carolina
Tennessee
Utah
West Virginia
Wyoming
","Alaska
Arkansas
Arizona
Illinois
Kansas
Kentucky
Missouri
Mississippi
North Carolina
Nebraska
New Mexico
Ohio
Oklahoma
Tennessee
Texas
Virginia
Wisconsin
"
1989,self defense,,"Connecticut
Delaware
Hawaii
Iowa
North Dakota
Nebraska
Pennsylvania
","Louisiana
Montana",
1989,child access,Missouri,District of Columbia,,
1990,background check,,"California
Delaware
Florida
Hawaii
Iowa
Illinois
Indiana
Massachusetts
Maryland
Michigan
Minnesota
Missouri
New Jersey
New York
Oregon
Rhode Island
Tennessee
Virginia
Washington","Hawaii
Iowa
Massachusetts
Michigan
Missouri
New Jersey
Rhode Island
Tennessee","Hawaii
Iowa
Illinois
Massachusetts
Michigan
Missouri
New Jersey
New York
Rhode Island"
1990,concealed weapon,Vermont,"Alabama
Connecticut
Florida
Georgia
Idaho
Indiana
Maine
Mississippi
North Dakota
New Hampshire
Oregon
Pennsylvania
South Dakota
Washington
West Virginia","California
Colorado
District of Columbia
Delaware
Hawaii
Iowa
Idaho
Louisiana
Massachusetts
Maryland
Michigan
Minnesota
Montana
New Jersey
Nevada
New York
Rhode Island
South Carolina
Tennessee
Utah
Wyoming","Alaska
Arkansas
Arizona
Illinois
Kansas
Kentucky
Missouri
Mississippi
North Carolina
Nebraska
New Mexico
Ohio
Oklahoma
Texas
Virginia
Wisconsin"
1990,self defense,"Alaska
Alabama
Arkansas
Arizona
California
Colorado
District of Columbia
Florida
Georgia
Idaho
Illinois
Indiana
Kansas
Kentucky
Massachusetts
Maryland
Maine
Michigan
Minnesota
Missouri
Mississippi
North Carolina
New Hampshire
New Jersey
New Mexico
Nevada
New York
Ohio
Oklahoma
Oregon
Rhode Island
South Carolina
South Dakota
Tennessee
Texas
Utah
Virginia
Vermont
Washington
Wisconsin
West Virginia
Wyoming","Connecticut
Delaware
Hawaii
Iowa
North Dakota
Nebraska
Pennsylvania","Louisiana
Montana",
1990,child access,Missouri,"District of Columbia
Florida
Iowa
",,
1991,background check,,"California
Delaware
Florida
Hawaii
Iowa
Illinois
Indiana
Massachusetts
Maryland
Michigan
Minnesota
Missouri
Nebraska
New Jersey
New York
Oregon
Rhode Island
Tennessee
Virginia
Washington
Wisconsin
","California
Hawaii
Iowa
Massachusetts
Michigan
Missouri
Nebraska
New Jersey
Rhode Island
Tennessee","Hawaii
Iowa
Illinois
Massachusetts
Michigan
Missouri
Nebraska
New Jersey
New York
Rhode Island"
1991,concealed weapon,Vermont,"Alabama
Connecticut
Florida
Georgia
Idaho
Indiana
Maine
Mississippi
Montana
North Dakota
New Hampshire
Oregon
Pennsylvania
South Dakota
Washington
West Virginia","California
Colorado
District of Columbia
Delaware
Hawaii
Iowa
Louisiana
Massachusetts
Maryland
Michigan
Minnesota
Montana
New Jersey
Nevada
New York
Rhode Island
South Carolina
Tennessee
Utah
Wyoming
","Alaska
Arkansas
Arizona
Illinois
Kansas
Kentucky
Missouri
North Carolina
Nebraska
New Mexico
Ohio
Oklahoma
Texas
Virginia
Wisconsin
"
1991,self defense,"Alaska
Alabama
Arkansas
Arizona
California
Colorado
District of Columbia
Florida
Georgia
Idaho
Illinois
Indiana
Kansas
Kentucky
Massachusetts
Maryland
Maine
Michigan
Minnesota
Missouri
Mississippi
North Carolina
New Hampshire
New Jersey
New Mexico
Nevada
New York
Ohio
Oklahoma
Oregon
Rhode Island
South Carolina
South Dakota
Tennessee
Texas
Utah
Virginia
Vermont
Washington
Wisconsin
West Virginia
Wyoming
","Connecticut
Delaware
Hawaii
Iowa
North Dakota
Nebraska
Pennsylvania","Louisiana
Montana",
1991,child access,Missouri,"Connecticut
District of Columbia
Florida
Iowa
Nevada",,
1992,background check,,"California
Delaware
Florida
Hawaii
Iowa
Illinois
Indiana
Massachusetts
Maryland
Michigan
Minnesota
Missouri
Nebraska
New Jersey
New York
Oregon
Rhode Island
Tennessee
Virginia
Washington
Wisconsin","California
Hawaii
Iowa
Massachusetts
Michigan
Missouri
Nebraska
New Jersey
Rhode Island
Tennessee","Hawaii
Iowa
Illinois
Massachusetts
Michigan
Missouri
Nebraska
New Jersey
New York
Rhode Island"
1992,concealed weapon,Vermont,"Alabama
Connecticut
Florida
Georgia
Idaho
Indiana
Maine
Mississippi
Montana
North Dakota
New Hampshire
Oregon
Pennsylvania
South Dakota
Washington
West Virginia","California
Colorado
District of Columbia
Delaware
Hawaii
Iowa
Louisiana
Massachusetts
Maryland
Michigan
Minnesota
New Jersey
Nevada
New York
Rhode Island
South Carolina
Tennessee
Utah
Wyoming
","Alaska
Arkansas
Arizona
Illinois
Kansas
Kentucky
Missouri
North Carolina
Nebraska
New Mexico
Ohio
Oklahoma
Texas
Virginia
Wisconsin
"
1992,self defense,"Alaska
Alabama
Arkansas
Arizona
California
Colorado
District of Columbia
Florida
Georgia
Idaho
Illinois
Indiana
Kansas
Kentucky
Massachusetts
Maryland
Maine
Michigan
Minnesota
Missouri
Mississippi
North Carolina
New Hampshire
New Jersey
New Mexico
Nevada
New York
Ohio
Oklahoma
Oregon
Rhode Island
South Carolina
South Dakota
Tennessee
Texas
Utah
Virginia
Vermont
Washington
Wisconsin
West Virginia
Wyoming","Connecticut
Delaware
Hawaii
Iowa
North Dakota
Nebraska
Pennsylvania
","Louisiana
Montana",
1992,child access,Missouri,"California
Connecticut
District of Columbia
Florida
Hawaii
Iowa
Maryland
New Jersey
Nevada
Virginia
Wisconsin
",,
1993,background check,,"California
Delaware
Florida
Hawaii
Iowa
Illinois
Indiana
Massachusetts
Maryland
Michigan
Minnesota
Missouri
Nebraska
New Jersey
New York
Oregon
Rhode Island
Tennessee
Virginia
Washington
Wisconsin
","California
Hawaii
Iowa
Massachusetts
Michigan
Missouri
Nebraska
New Jersey
Rhode Island
Tennessee
","Hawaii
Iowa
Illinois
Massachusetts
Michigan
Missouri
Nebraska
New Jersey
New York
Rhode Island"
1993,concealed weapon,Vermont,"Alabama
Connecticut
Florida
Georgia
Idaho
Indiana
Maine
Mississippi
Montana
North Dakota
New Hampshire
Oregon
Pennsylvania
South Dakota
Washington
West Virginia
","California
Colorado
District of Columbia
Delaware
Hawaii
Iowa
Louisiana
Massachusetts
Maryland
Michigan
Minnesota
New Jersey
Nevada
New York
Rhode Island
South Carolina
Tennessee
Utah
Wyoming","Alaska
Arkansas
Arizona
Illinois
Kansas
Kentucky
Missouri
North Carolina
Nebraska
New Mexico
Ohio
Oklahoma
Texas
Virginia
Wisconsin"
1993,self defense,"Alaska
Alabama
Arkansas
Arizona
California
Colorado
District of Columbia
Florida
Georgia
Idaho
Illinois
Indiana
Kansas
Kentucky
Massachusetts
Maryland
Maine
Michigan
Minnesota
Missouri
Mississippi
North Carolina
New Hampshire
New Jersey
New Mexico
Nevada
New York
Ohio
Oklahoma
Oregon
Rhode Island
South Carolina
South Dakota
Tennessee
Texas
Utah
Virginia
Vermont
Washington
Wisconsin
West Virginia
Wyoming","Connecticut
Delaware
Hawaii
Iowa
North Dakota
Nebraska
Pennsylvania","Louisiana
Montana",
1993,child access,"Colorado
Missouri
Utah","California
Connecticut
District of Columbia
Florida
Hawaii
Iowa
Maryland
Minnesota
North Carolina
New Jersey
Nevada
Virginia
Wisconsin",,
1994,background check,"all
","California
Colorado
Connecticut
Delaware
Florida
Hawaii
Iowa
Idaho
Illinois
Indiana
Massachusetts
Maryland
Michigan
Minnesota
Missouri
Nebraska
New Jersey
New York
Oregon
Rhode Island
Tennessee
Utah
Virginia
Washington
Wisconsin","California
Hawaii
Iowa
Massachusetts
Michigan
Missouri
Nebraska
New Jersey
Rhode Island
Tennessee","Hawaii
Iowa
Illinois
Massachusetts
Michigan
Missouri
Nebraska
New Jersey
New York
Rhode Island"
1994,concealed weapon,Vermont,"Alaska
Alabama
Arizona
Connecticut
Florida
Georgia
Idaho
Indiana
Maine
Mississippi
Montana
North Dakota
New Hampshire
Oregon
Pennsylvania
South Dakota
Washington
West Virginia
Wyoming","California
Colorado
District of Columbia
Delaware
Hawaii
Iowa
Louisiana
Massachusetts
Maryland
Michigan
Minnesota
New Jersey
Nevada
New York
Rhode Island
South Carolina
Tennessee
Utah
Wyoming
","Alaska
Arkansas
Arizona
Illinois
Kansas
Kentucky
Missouri
North Carolina
Nebraska
New Mexico
Ohio
Oklahoma
Texas
Virginia
Wisconsin
"
1994,self defense,"Alaska
Alabama
Arkansas
Arizona
California
Colorado
District of Columbia
Florida
Georgia
Idaho
Illinois
Indiana
Kansas
Kentucky
Massachusetts
Maryland
Maine
Michigan
Minnesota
Missouri
Mississippi
North Carolina
New Hampshire
New Jersey
New Mexico
Nevada
New York
Ohio
Oklahoma
Oregon
Rhode Island
South Carolina
South Dakota
Tennessee
Texas
Utah
Virginia
Vermont
Washington
Wisconsin
West Virginia
Wyoming


","Connecticut
Delaware
Hawaii
Iowa
North Dakota
Nebraska
Pennsylvania","Louisiana
Montana",Utah
1994,child access,"Georgia
Indiana
Kentucky
Missouri
Mississippi
Oklahoma
Tennessee
Utah
","California
Connecticut
District of Columbia
Delaware
Florida
Hawaii
Iowa
Maryland
Minnesota
North Carolina
New Jersey
Nevada
Virginia
Wisconsin
",,
1995,background check,"all
","California
Colorado
Connecticut
Delaware
Florida
Hawaii
Iowa
Idaho
Illinois
Indiana
Massachusetts
Maryland
Michigan
Minnesota
Missouri
North Carolina
Nebraska
New Hampshire
New Jersey
New York
Oregon
Rhode Island
Tennessee
Utah
Virginia
Washington
Wisconsin
","California
Connecticut
Hawaii
Iowa
Massachusetts
Michigan
Missouri
North Carolina
Nebraska
New Jersey
Rhode Island
Tennessee","Connecticut
Hawaii
Iowa
Illinois
Massachusetts
Michigan
Missouri
North Carolina
Nebraska
New Jersey
New York
Rhode Island
"
1995,concealed weapon,Vermont,"Alaska
Alabama
Arkansas
Arizona
Connecticut
Florida
Georgia
Idaho
Indiana
Maine
Mississippi
Montana
North Carolina
North Dakota
New Hampshire
Nevada
Oregon
Pennsylvania
South Dakota
Utah
Virginia
Washington
West Virginia
Wyoming
","California
Colorado
District of Columbia
Delaware
Hawaii
Iowa
Louisiana
Massachusetts
Maryland
Michigan
Minnesota
New Jersey
Nevada
New York
Rhode Island
South Carolina
Tennessee
Utah
","Arkansas
Illinois
Kansas
Kentucky
Missouri
North Carolina
Nebraska
New Mexico
Ohio
Oklahoma
Texas
Virginia
Wisconsin
"
1995,self defense,"Alaska
Alabama
Arkansas
Arizona
California
Colorado
District of Columbia
Florida
Georgia
Idaho
Illinois
Indiana
Kansas
Kentucky
Massachusetts
Maryland
Maine
Michigan
Minnesota
Missouri
Mississippi
North Carolina
New Hampshire
New Jersey
New Mexico
Nevada
New York
Ohio
Oklahoma
Oregon
Rhode Island
South Carolina
South Dakota
Tennessee
Texas
Virginia
Vermont
Washington
Wisconsin
West Virginia
Wyoming","Connecticut
Delaware
Hawaii
Iowa
North Dakota
Nebraska
Pennsylvania
","Louisiana
Montana
",Utah
1995,child access,"Colorado
Georgia
Indiana
Kentucky
Missouri
Mississippi
Oklahoma
Pennsylvania
Tennessee
Utah
","California
Connecticut
District of Columbia
Delaware
Florida
Hawaii
Iowa
Maryland
Minnesota
North Carolina
New Jersey
Nevada
Rhode Island
Texas
Virginia
Wisconsin",,
1996,background check,"all
","California
Colorado
Connecticut
Delaware
Florida
Georgia
Hawaii
Iowa
Idaho
Illinois
Indiana
Massachusetts
Maryland
Michigan
Minnesota
Missouri
North Carolina
Nebraska
New Hampshire
New Jersey
New York
Oregon
Rhode Island
Tennessee
Utah
Virginia
Washington
Wisconsin","California
Connecticut
Hawaii
Iowa
Massachusetts
Maryland
Michigan
Missouri
North Carolina
Nebraska
New Jersey
Rhode Island
Tennessee
","Connecticut
Hawaii
Iowa
Illinois
Massachusetts
Michigan
Missouri
North Carolina
Nebraska
New Jersey
New York
Rhode Island
"
1996,concealed weapon,Vermont,"Alaska
Alabama
Arkansas
Arizona
Connecticut
Florida
Georgia
Idaho
Indiana
Kentucky
Louisiana
Maine
Mississippi
Montana
North Carolina
North Dakota
New Hampshire
Nevada
Oklahoma
Oregon
Pennsylvania
South Carolina
South Dakota
Tennessee
Texas
Utah
Virginia
Washington
West Virginia
Wyoming
","California
Colorado
District of Columbia
Delaware
Hawaii
Iowa
Louisiana
Massachusetts
Maryland
Michigan
Minnesota
New Jersey
New York
Rhode Island
South Carolina
Tennessee
","Illinois
Kansas
Kentucky
Missouri
Nebraska
New Mexico
Ohio
Wisconsin"
1996,self defense,"Alaska
Alabama
Arkansas
Arizona
California
Colorado
District of Columbia
Florida
Georgia
Idaho
Illinois
Indiana
Kansas
Kentucky
Massachusetts
Maryland
Maine
Michigan
Minnesota
Missouri
Mississippi
North Carolina
New Hampshire
New Jersey
New Mexico
Nevada
New York
Ohio
Oklahoma
Oregon
Rhode Island
South Carolina
South Dakota
Tennessee
Texas
Virginia
Vermont
Washington
Wisconsin
West Virginia
Wyoming
","Connecticut
Delaware
Hawaii
Iowa
North Dakota
Nebraska
Pennsylvania
","Louisiana
Montana",Utah
1996,child access,"Colorado
Georgia
Indiana
Kentucky
Missouri
Mississippi
Oklahoma
Pennsylvania
Tennessee
Utah","California
Connecticut
District of Columbia
Delaware
Florida
Hawaii
Iowa
Maryland
Minnesota
North Carolina
New Jersey
Nevada
Rhode Island
Texas
Virginia
Wisconsin",,
1997,background check,"all
","Arizona
California
Colorado
Connecticut
Delaware
Florida
Georgia
Hawaii
Iowa
Idaho
Illinois
Indiana
Massachusetts
Maryland
Michigan
Minnesota
Missouri
North Carolina
Nebraska
New Hampshire
New Jersey
New York
Oregon
Pennsylvania
Rhode Island
Tennessee
Utah
Virginia
Washington
Wisconsin
","California
Connecticut
Hawaii
Iowa
Massachusetts
Maryland
Michigan
Missouri
North Carolina
Nebraska
New Jersey
Pennsylvania
Rhode Island
Tennessee
","Connecticut
Hawaii
Iowa
Illinois
Massachusetts
Michigan
Missouri
North Carolina
Nebraska
New Jersey
New York
Rhode Island"
1997,concealed weapon,Vermont,"Alaska
Alabama
Arkansas
Arizona
Connecticut
Florida
Georgia
Idaho
Indiana
Kentucky
Louisiana
Maine
Mississippi
Montana
North Carolina
North Dakota
New Hampshire
Nevada
Oklahoma
Oregon
Pennsylvania
South Carolina
South Dakota
Tennessee
Texas
Utah
Virginia
Washington
West Virginia
Wyoming
","California
Colorado
District of Columbia
Delaware
Hawaii
Iowa
Massachusetts
Maryland
Michigan
Minnesota
New Jersey
New York
Rhode Island
","Illinois
Kansas
Missouri
Nebraska
New Mexico
Ohio
Wisconsin"
1997,self defense,"Alaska
Alabama
Arkansas
Arizona
California
Colorado
District of Columbia
Florida
Georgia
Idaho
Illinois
Indiana
Kansas
Kentucky
Massachusetts
Maryland
Maine
Michigan
Minnesota
Missouri
Mississippi
North Carolina
New Hampshire
New Jersey
New Mexico
Nevada
New York
Ohio
Oklahoma
Oregon
Rhode Island
South Carolina
South Dakota
Tennessee
Texas
Virginia
Vermont
Washington
Wisconsin
West Virginia
Wyoming
","Connecticut
Delaware
Hawaii
Iowa
North Dakota
Nebraska
Pennsylvania","Louisiana
Montana
",Utah
1997,child access,"Colorado

Georgia

Indiana

Kentucky

Missouri

Mississippi

Oklahoma

Pennsylvania

Tennessee

Utah","California

Connecticut

District of Columbia

Delaware

Florida

Hawaii

Iowa

Maryland

Minnesota

North Carolina

New Jersey

Nevada

Rhode Island

Texas

Virginia

Wisconsin",,
1998,background check,"all
","Arizona
California
Colorado
Connecticut
Delaware
Florida
Georgia
Hawaii
Iowa
Idaho
Illinois
Indiana
Massachusetts
Maryland
Michigan
Minnesota
Missouri
North Carolina
Nebraska
New Hampshire
New Jersey
New York
Oregon
Pennsylvania
Rhode Island
Tennessee
Utah
Virginia
Washington
Wisconsin
","California
Connecticut
Hawaii
Iowa
Massachusetts
Maryland
Michigan
Missouri
North Carolina
Nebraska
New Jersey
Pennsylvania
Rhode Island
Tennessee","Connecticut
Hawaii
Iowa
Illinois
Massachusetts
Michigan
Missouri
North Carolina
Nebraska
New Jersey
New York
Rhode Island"
1998,concealed weapon,Vermont,"Alaska
Alabama
Arkansas
Arizona
Connecticut
Florida
Georgia
Idaho
Indiana
Kentucky
Louisiana
Maine
Mississippi
Montana
North Carolina
North Dakota
New Hampshire
Nevada
Oklahoma
Oregon
Pennsylvania
South Carolina
South Dakota
Tennessee
Texas
Utah
Virginia
Washington
West Virginia
Wyoming","California
Colorado
District of Columbia
Delaware
Hawaii
Iowa
Massachusetts
Maryland
Michigan
Minnesota
New Jersey
New York
Rhode Island","Illinois
Kansas
Missouri
Nebraska
New Mexico
Ohio
Wisconsin


"
1998,self defense,"Alaska
Alabama
Arkansas
Arizona
California
Colorado
District of Columbia
Florida
Georgia
Idaho
Illinois
Indiana
Kansas
Kentucky
Massachusetts
Maryland
Maine
Michigan
Minnesota
Missouri
Mississippi
North Carolina
New Hampshire
New Jersey
New Mexico
Nevada
New York
Ohio
Oklahoma
Oregon
Rhode Island
South Carolina
South Dakota
Tennessee
Texas
Virginia
Vermont
Washington
Wisconsin
West Virginia
Wyoming","Connecticut
Delaware
Hawaii
Iowa
North Dakota
Nebraska
Pennsylvania","Louisiana
Montana",Utah
1998,child access,"Colorado
Georgia
Indiana
Kentucky
Missouri
Mississippi
Oklahoma
Pennsylvania
Tennessee
Utah","California
Connecticut
District of Columbia
Delaware
Florida
Hawaii
Iowa
Massachusetts
Maryland
Minnesota
North Carolina
New Jersey
Nevada
Rhode Island
Texas
Virginia
Wisconsin",,
1999,background check,"all
","Arizona
California
Colorado
Connecticut
Delaware
Florida
Georgia
Hawaii
Iowa
Idaho
Illinois
Indiana
Massachusetts
Maryland
Michigan
Minnesota
Missouri
North Carolina
Nebraska
New Hampshire
New Jersey
New York
Oregon
Pennsylvania
Rhode Island
Tennessee
Utah
Virginia
Washington
Wisconsin","California
Connecticut
Hawaii
Iowa
Massachusetts
Maryland
Michigan
Missouri
North Carolina
Nebraska
New Jersey
Pennsylvania
Rhode Island
Tennessee","Connecticut
Hawaii
Iowa
Illinois
Massachusetts
Michigan
Missouri
North Carolina
Nebraska
New Jersey
New York
Rhode Island"
1999,concealed weapon,Vermont,"Alaska
Alabama
Arkansas
Arizona
Connecticut
Florida
Georgia
Idaho
Indiana
Kentucky
Louisiana
Maine
Mississippi
Montana
North Carolina
North Dakota
New Hampshire
Nevada
Oklahoma
Oregon
Pennsylvania
South Carolina
South Dakota
Tennessee
Texas
Utah
Virginia
Washington
West Virginia
Wyoming","California
Colorado
District of Columbia
Delaware
Hawaii
Iowa
Massachusetts
Maryland
Michigan
Minnesota
New Jersey
New York
Rhode Island","Illinois
Kansas
Missouri
Nebraska
New Mexico
Ohio
Wisconsin"
1999,self defense,"Alaska
Alabama
Arkansas
Arizona
California
Colorado
District of Columbia
Florida
Georgia
Idaho
Illinois
Indiana
Kansas
Kentucky
Massachusetts
Maryland
Maine
Michigan
Minnesota
Missouri
Mississippi
North Carolina
New Hampshire
New Jersey
New Mexico
Nevada
New York
Ohio
Oklahoma
Oregon
Rhode Island
South Carolina
South Dakota
Tennessee
Texas
Virginia
Vermont
Washington
Wisconsin
West Virginia
Wyoming","Connecticut
Delaware
Hawaii
Iowa
North Dakota
Nebraska
Pennsylvania","Louisiana
Montana",Utah
1999,child access,"Colorado
Georgia
Indiana
Kentucky
Missouri
Mississippi
Oklahoma
Pennsylvania
Tennessee
Utah
","Colorado
Georgia
Indiana
Kentucky
Missouri
Mississippi
Oklahoma
Pennsylvania
Tennessee
Utah",,
2000,background check,"all
","Arizona
California
Colorado
Connecticut
Delaware
Florida
Georgia
Hawaii
Iowa
Idaho
Illinois
Indiana
Massachusetts
Maryland
Michigan
Minnesota
Missouri
North Carolina
Nebraska
New Hampshire
New Jersey
New York
Oregon
Pennsylvania
Rhode Island
Tennessee
Utah
Virginia
Washington
Wisconsin","California
Connecticut
Hawaii
Iowa
Massachusetts
Maryland
Michigan
Missouri
North Carolina
Nebraska
New Jersey
Pennsylvania
Rhode Island
Tennessee


","Connecticut
Hawaii
Iowa
Illinois
Massachusetts
Michigan
Missouri
North Carolina
Nebraska
New Jersey
New York
Rhode Island"
2000,concealed weapon,Vermont,"Alaska
Alabama
Arkansas
Arizona
Connecticut
Florida
Georgia
Idaho
Indiana
Kentucky
Louisiana
Maine
Mississippi
Montana
North Carolina
North Dakota
New Hampshire
Nevada
Oklahoma
Oregon
Pennsylvania
South Carolina
South Dakota
Tennessee
Texas
Utah
Virginia
Washington
West Virginia
Wyoming","California
Colorado
District of Columbia
Delaware
Hawaii
Iowa
Massachusetts
Maryland
Michigan
Minnesota
New Jersey
New York
Rhode Island
","Illinois
Kansas
Missouri
Nebraska
New Mexico
Ohio
Wisconsin"
2000,self defense,"Alaska
Alabama
Arkansas
Arizona
California
Colorado
District of Columbia
Florida
Georgia
Idaho
Illinois
Indiana
Kansas
Kentucky
Massachusetts
Maryland
Maine
Michigan
Minnesota
Missouri
Mississippi
North Carolina
New Hampshire
New Jersey
New Mexico
Nevada
New York
Ohio
Oklahoma
Oregon
Rhode Island
South Carolina
South Dakota
Tennessee
Texas
Virginia
Vermont
Washington
Wisconsin
West Virginia
Wyoming","Connecticut
Delaware
Hawaii
Iowa
North Dakota
Nebraska
Pennsylvania","Louisiana
Montana
",Utah
2000,child access,"Colorado
Georgia
Indiana
Kentucky
Missouri
Mississippi
Oklahoma
Pennsylvania
Tennessee
Utah","Colorado
Georgia
Indiana
Kentucky
Missouri
Mississippi
Oklahoma
Pennsylvania
Tennessee
Utah",,
2001,background check,"all
","Arizona
California
Colorado
Connecticut
Delaware
Florida
Georgia
Hawaii
Iowa
Idaho
Illinois
Indiana
Massachusetts
Maryland
Michigan
Minnesota
Missouri
North Carolina
Nebraska
New Hampshire
New Jersey
New York
Oregon
Pennsylvania
Rhode Island
Tennessee
Utah
Virginia
Washington
Wisconsin
","California
Connecticut
Hawaii
Iowa
Massachusetts
Maryland
Michigan
Missouri
North Carolina
Nebraska
New Jersey
Pennsylvania
Rhode Island
Tennessee","Connecticut
Hawaii
Iowa
Illinois
Massachusetts
Michigan
Missouri
North Carolina
Nebraska
New Jersey
New York
Rhode Island"
2001,concealed weapon,Vermont,"Alaska
Alabama
Arkansas
Arizona
Connecticut
Florida
Georgia
Idaho
Indiana
Kentucky
Louisiana
Maine
Michigan
Mississippi
Montana
North Carolina
North Dakota
New Hampshire
Nevada
Oklahoma
Oregon
Pennsylvania
South Carolina
South Dakota
Tennessee
Texas
Utah
Virginia
Washington
West Virginia
Wyoming","California
Colorado
District of Columbia
Delaware
Hawaii
Iowa
Massachusetts
Maryland
Michigan
Minnesota
New Jersey
New York
Rhode Island
","Illinois
Kansas
Missouri
Nebraska
New Mexico
Ohio
Wisconsin"
2001,self defense,"Alaska
Alabama
Arkansas
Arizona
California
Colorado
District of Columbia
Florida
Georgia
Idaho
Illinois
Indiana
Kansas
Kentucky
Massachusetts
Maryland
Maine
Michigan
Minnesota
Missouri
Mississippi
North Carolina
New Hampshire
New Jersey
New Mexico
Nevada
New York
Ohio
Oklahoma
Oregon
Rhode Island
South Carolina
South Dakota
Tennessee
Texas
Virginia
Vermont
Washington
Wisconsin
West Virginia
Wyoming
","Connecticut
Delaware
Hawaii
Iowa
North Dakota
Nebraska
Pennsylvania","Louisiana
Montana",Utah
2001,child access,"Colorado
Georgia
Indiana
Kentucky
Missouri
Mississippi
Oklahoma
Pennsylvania
Tennessee
Utah","California
Connecticut
District of Columbia
Delaware
Florida
Hawaii
Iowa
Illinois
Massachusetts
Maryland
Minnesota
North Carolina
New Hampshire
New Jersey
Nevada
Rhode Island
Texas
Virginia
Wisconsin",,
2002,background check,"all
","Arizona
California
Colorado
Connecticut
Delaware
Florida
Georgia
Hawaii
Iowa
Idaho
Illinois
Indiana
Massachusetts
Maryland
Michigan
Minnesota
Missouri
North Carolina
Nebraska
New Hampshire
New Jersey
New York
Oregon
Pennsylvania
Rhode Island
Tennessee
Utah
Virginia
Washington
Wisconsin","California
Connecticut
Hawaii
Iowa
Massachusetts
Maryland
Michigan
Missouri
North Carolina
Nebraska
New Jersey
Pennsylvania
Rhode Island
Tennessee
","Connecticut
Hawaii
Iowa
Illinois
Massachusetts
Michigan
Missouri
North Carolina
Nebraska
New Jersey
New York
Rhode Island
"
2002,concealed weapon,Vermont,"Alaska
Alabama
Arkansas
Arizona
Connecticut
Florida
Georgia
Idaho
Indiana
Kentucky
Louisiana
Maine
Michigan
Mississippi
Montana
North Carolina
North Dakota
New Hampshire
Nevada
Oklahoma
Oregon
Pennsylvania
South Carolina
South Dakota
Tennessee
Texas
Utah
Virginia
Washington
West Virginia
Wyoming","California
Colorado
District of Columbia
Delaware
Hawaii
Iowa
Massachusetts
Maryland
Minnesota
New Jersey
New York
Rhode Island","Illinois
Kansas
Missouri
Nebraska
New Mexico
Ohio
Wisconsin"
2002,self defense,"Alabama
Arkansas
Arizona
California
Colorado
District of Columbia
Florida
Georgia
Idaho
Illinois
Indiana
Kansas
Kentucky
Massachusetts
Maryland
Maine
Michigan
Minnesota
Missouri
Mississippi
North Carolina
New Hampshire
New Jersey
New Mexico
Nevada
New York
Ohio
Oklahoma
Oregon
Rhode Island
South Carolina
South Dakota
Tennessee
Texas
Virginia
Vermont
Washington
Wisconsin
West Virginia
Wyoming","Connecticut
Delaware
Hawaii
Iowa
North Dakota
Nebraska
Pennsylvania
","Louisiana
Montana
",Utah
2002,child access,"Colorado
Georgia
Indiana
Kentucky
Missouri
Mississippi
Oklahoma
Pennsylvania
Tennessee
Utah
","California
Connecticut
District of Columbia
Delaware
Florida
Hawaii
Iowa
Illinois
Massachusetts
Maryland
Minnesota
North Carolina
New Hampshire
New Jersey
Nevada
Rhode Island
Texas
Virginia
Wisconsin
",,
2003,background check,"all
","Arizona
California
Colorado
Connecticut
Delaware
Florida
Georgia
Hawaii
Iowa
Idaho
Illinois
Indiana
Massachusetts
Maryland
Michigan
Minnesota
Missouri
North Carolina
Nebraska
New Hampshire
New Jersey
New York
Oregon
Pennsylvania
Rhode Island
Tennessee
Utah
Virginia
Washington
Wisconsin
","California
Connecticut
Hawaii
Iowa
Massachusetts
Maryland
Michigan
Missouri
North Carolina
Nebraska
New Jersey
Pennsylvania
Rhode Island
Tennessee","Connecticut
Hawaii
Iowa
Illinois
Massachusetts
Michigan
Missouri
North Carolina
Nebraska
New Jersey
New York
Rhode Island"
2003,concealed weapon,"Alaska
Vermont","Alaska
Alabama
Arkansas
Arizona
Colorado
Connecticut
Florida
Georgia
Idaho
Indiana
Kentucky
Louisiana
Maine
Michigan
Minnesota
Mississippi
Montana
North Carolina
North Dakota
New Hampshire
Nevada
Oklahoma
Oregon
Pennsylvania
South Carolina
South Dakota
Tennessee
Texas
Utah
Virginia
Washington
West Virginia
Wyoming
","California
Colorado
District of Columbia
Delaware
Hawaii
Iowa
Massachusetts
Maryland
Minnesota
New Jersey
New York
Rhode Island","Illinois
Kansas
Missouri
Nebraska
New Mexico
Ohio
Wisconsin"
2003,self defense,"Alaska
Alabama
Arkansas
Arizona
California
Colorado
District of Columbia
Florida
Georgia
Idaho
Illinois
Indiana
Kansas
Kentucky
Massachusetts
Maryland
Maine
Michigan
Minnesota
Missouri
Mississippi
North Carolina
New Hampshire
New Jersey
New Mexico
Nevada
New York
Ohio
Oklahoma
Oregon
Rhode Island
South Carolina
South Dakota
Tennessee
Texas
Virginia
Vermont
Washington
Wisconsin
West Virginia
Wyoming


","Connecticut
Delaware
Hawaii
Iowa
North Dakota
Nebraska
Pennsylvania
","Louisiana
Montana",Utah
2003,child access,"Colorado
Georgia
Indiana
Kentucky
Missouri
Mississippi
Oklahoma
Pennsylvania
Tennessee
Utah","California
Connecticut
District of Columbia
Delaware
Florida
Hawaii
Iowa
Illinois
Massachusetts
Maryland
Minnesota
North Carolina
New Hampshire
New Jersey
Nevada
Rhode Island
Texas
Virginia
Wisconsin",,
2004,background check,"all
","Arizona
California
Colorado
Connecticut
Delaware
Florida
Georgia
Hawaii
Iowa
Idaho
Illinois
Indiana
Massachusetts
Maryland
Michigan
Minnesota
Missouri
North Carolina
Nebraska
New Hampshire
New Jersey
New York
Oregon
Pennsylvania
Rhode Island
Tennessee
Utah
Virginia
Washington
Wisconsin","California
Connecticut
Hawaii
Iowa
Massachusetts
Maryland
Michigan
Missouri
North Carolina
Nebraska
New Jersey
Pennsylvania
Rhode Island
Tennessee","Connecticut
Hawaii
Iowa
Illinois
Massachusetts
Michigan
Missouri
North Carolina
Nebraska
New Jersey
New York
Rhode Island"
2004,concealed weapon,"Alaska
Vermont","Alabama
Arkansas
Arizona
Colorado
Connecticut
Florida
Georgia
Idaho
Indiana
Kentucky
Louisiana
Maine
Michigan
Minnesota
Missouri
Mississippi
Montana
North Carolina
North Dakota
New Hampshire
New Mexico
Nevada
Ohio
Oklahoma
Oregon
Pennsylvania
South Carolina
South Dakota
Tennessee
Texas
Utah
Virginia
Washington
West Virginia
Wyoming
","California
District of Columbia
Delaware
Hawaii
Iowa
Massachusetts
Maryland
New Jersey
New York
Rhode Island","Illinois
Kansas
Missouri
Nebraska
Ohio
Wisconsin"
2004,self defense,"Alaska
Alabama
Arkansas
Arizona
California
Colorado
District of Columbia
Florida
Georgia
Idaho
Illinois
Indiana
Kansas
Kentucky
Massachusetts
Maryland
Maine
Michigan
Minnesota
Missouri
Mississippi
North Carolina
New Hampshire
New Jersey
New Mexico
Nevada
New York
Ohio
Oklahoma
Oregon
Rhode Island
South Carolina
South Dakota
Tennessee
Texas
Virginia
Vermont
Washington
Wisconsin
West Virginia
Wyoming","Connecticut
Delaware
Hawaii
Iowa
North Dakota
Nebraska
Pennsylvania","Louisiana
Montana
",Utah
2004,child access,"Colorado
Georgia
Indiana
Kentucky
Missouri
Mississippi
Oklahoma
Pennsylvania
Tennessee
Utah","California
Connecticut
District of Columbia
Delaware
Florida
Hawaii
Iowa
Illinois
Massachusetts
Maryland
Minnesota
North Carolina
New Hampshire
New Jersey
Nevada
Rhode Island
Texas
Virginia
Wisconsin
",,
2005,background check,"all
","Arizona
California
Colorado
Connecticut
Delaware
Florida
Georgia
Hawaii
Iowa
Idaho
Illinois
Indiana
Massachusetts
Maryland
Michigan
Minnesota
Missouri
North Carolina
Nebraska
New Hampshire
New Jersey
New York
Oregon
Pennsylvania
Rhode Island
Tennessee
Utah
Virginia
Washington
Wisconsin","California
Connecticut
Hawaii
Iowa
Massachusetts
Maryland
Michigan
Missouri
North Carolina
Nebraska
New Jersey
Pennsylvania
Rhode Island
Tennessee
","Connecticut
Hawaii
Iowa
Illinois
Massachusetts
Michigan
Missouri
North Carolina
Nebraska
New Jersey
New York
Rhode Island
"
2005,concealed weapon,"Alaska
Vermont","Alabama
Arkansas
Arizona
Colorado
Connecticut
Florida
Georgia
Idaho
Indiana
Kentucky
Louisiana
Maine
Michigan
Minnesota
Missouri
Mississippi
Montana
North Carolina
North Dakota
New Hampshire
New Mexico
Nevada
Ohio
Oklahoma
Oregon
Pennsylvania
South Carolina
South Dakota
Tennessee
Texas
Utah
Virginia
Washington
West Virginia
Wyoming
","California
District of Columbia
Delaware
Hawaii
Iowa
Massachusetts
Maryland
New Jersey
New York
Rhode Island","Illinois
Kansas
Nebraska
Wisconsin"
2005,self defense,"Alaska
Alabama
Arkansas
Arizona
California
Colorado
District of Columbia
Florida
Georgia
Idaho
Illinois
Indiana
Kansas
Kentucky
Massachusetts
Maryland
Maine
Michigan
Minnesota
Missouri
Mississippi
North Carolina
New Hampshire
New Jersey
New Mexico
Nevada
New York
Ohio
Oklahoma
Oregon
Rhode Island
South Carolina
South Dakota
Tennessee
Texas
Virginia
Vermont
Washington
Wisconsin
West Virginia
Wyoming
","Connecticut
Delaware
Hawaii
Iowa
North Dakota
Nebraska
Pennsylvania
","Louisiana
Montana","Florida
Utah"
2005,child access,"Colorado
Georgia
Indiana
Kentucky
Missouri
Mississippi
Oklahoma
Pennsylvania
Tennessee
Utah
","California
Connecticut
District of Columbia
Delaware
Florida
Hawaii
Iowa
Illinois
Massachusetts
Maryland
Minnesota
North Carolina
New Hampshire
New Jersey
Nevada
Rhode Island
Texas
Virginia
Wisconsin
",,
2006,background check,"all
","Arizona
California
Colorado
Connecticut
Delaware
Florida
Georgia
Hawaii
Iowa
Idaho
Illinois
Indiana
Massachusetts
Maryland
Michigan
Minnesota
Missouri
North Carolina
Nebraska
New Hampshire
New Jersey
New York
Oregon
Pennsylvania
Rhode Island
Tennessee
Utah
Virginia
Washington
Wisconsin
","California
Connecticut
Hawaii
Iowa
Massachusetts
Maryland
Michigan
Missouri
North Carolina
Nebraska
New Jersey
Pennsylvania
Rhode Island
Tennessee
","Connecticut
Hawaii
Iowa
Illinois
Massachusetts
Michigan
Missouri
North Carolina
Nebraska
New Jersey
New York
Rhode Island
"
2006,concealed weapon,"Alaska
Vermont","Alabama
Arkansas
Arizona
Colorado
Connecticut
Florida
Georgia
Idaho
Indiana
Kentucky
Louisiana
Maine
Michigan
Minnesota
Missouri
Mississippi
Montana
North Carolina
North Dakota
New Hampshire
New Mexico
Nevada
Ohio
Oklahoma
Oregon
Pennsylvania
South Carolina
South Dakota
Tennessee
Texas
Utah
Virginia
Washington
West Virginia
Wyoming
","California
District of Columbia
Delaware
Hawaii
Iowa
Massachusetts
Maryland
New Jersey
New York
Rhode Island","Illinois
Kansas
Nebraska
Wisconsin"
2006,self defense,"Alaska
Alabama
Arkansas
Arizona
California
Colorado
District of Columbia
Georgia
Idaho
Illinois
Indiana
Kansas
Kentucky
Massachusetts
Maryland
Maine
Michigan
Minnesota
Missouri
Mississippi
North Carolina
New Hampshire
New Jersey
New Mexico
Nevada
New York
Ohio
Oklahoma
Oregon
Rhode Island
South Carolina
South Dakota
Tennessee
Texas
Virginia
Vermont
Washington
Wisconsin
West Virginia
Wyoming
","Connecticut
Delaware
Hawaii
Iowa
North Dakota
Nebraska
Pennsylvania
","Alaska
Louisiana
Montana
","Alabama
Arizona
Florida
Georgia
Indiana
Kansas
Kentucky
Louisiana
Michigan
Mississippi
Oklahoma
South Carolina
South Dakota
Utah"
2006,child access,"Colorado
Georgia
Indiana
Kentucky
Missouri
Mississippi
Oklahoma
Pennsylvania
Tennessee
Utah
","California
Connecticut
District of Columbia
Delaware
Florida
Hawaii
Iowa
Illinois
Massachusetts
Maryland
Minnesota
North Carolina
New Hampshire
New Jersey
Nevada
Rhode Island
Texas
Virginia
Wisconsin
",,
2007,background check,"all
","Arizona
California
Colorado
Connecticut
Delaware
Florida
Georgia
Hawaii
Iowa
Idaho
Illinois
Indiana
Massachusetts
Maryland
Michigan
Minnesota
Missouri
North Carolina
Nebraska
New Hampshire
New Jersey
New York
Oregon
Pennsylvania
Rhode Island
Tennessee
Utah
Virginia
Washington
Wisconsin
","California
Connecticut
Hawaii
Iowa
Massachusetts
Maryland
Michigan
Missouri
North Carolina
Nebraska
New Jersey
Pennsylvania
Rhode Island
Tennessee","Connecticut
Hawaii
Iowa
Illinois
Massachusetts
Michigan
Missouri
North Carolina
Nebraska
New Jersey
New York
Rhode Island
"
2007,concealed weapon,"Alaska
Vermont","Alabama
Arkansas
Arizona
Colorado
Connecticut
Florida
Georgia
Idaho
Indiana
Kansas
Kentucky
Louisiana
Maine
Michigan
Minnesota
Missouri
Mississippi
Montana
North Carolina
North Dakota
Nebraska
New Hampshire
New Mexico
Nevada
Ohio
Oklahoma
Oregon
Pennsylvania
South Carolina
South Dakota
Tennessee
Texas
Utah
Virginia
Washington
West Virginia
Wyoming
","California
District of Columbia
Delaware
Hawaii
Iowa
Massachusetts
Maryland
New Jersey
New York
Rhode Island","Illinois
Wisconsin"
2007,self defense,"Arkansas
California
Colorado
District of Columbia
Idaho
Illinois
Massachusetts
Maryland
Maine
Minnesota
Missouri
North Carolina
New Hampshire
New Jersey
New Mexico
Nevada
New York
Ohio
Oregon
Rhode Island
Tennessee
Texas
Virginia
Vermont
Washington
Wisconsin
West Virginia
Wyoming
","Connecticut
Delaware
Hawaii
Iowa
North Dakota
Nebraska
Pennsylvania
","Alaska
Missouri
Montana","Alabama
Arizona
Florida
Georgia
Indiana
Kansas
Kentucky
Louisiana
Michigan
Mississippi
Oklahoma
South Carolina
South Dakota
Tennessee
Texas
Utah"
2007,child access,"Colorado
Georgia
Indiana
Kentucky
Missouri
Mississippi
Oklahoma
Pennsylvania
Tennessee
Utah
","California
Connecticut
District of Columbia
Delaware
Florida
Hawaii
Iowa
Illinois
Massachusetts
Maryland
Minnesota
North Carolina
New Hampshire
New Jersey
Nevada
Rhode Island
Texas
Virginia
Wisconsin
",,
2008,background check,"all
","Arizona
California
Colorado
Connecticut
Delaware
Florida
Georgia
Hawaii
Iowa
Idaho
Illinois
Indiana
Massachusetts
Maryland
Michigan
Minnesota
North Carolina
Nebraska
New Hampshire
New Jersey
New York
Oregon
Pennsylvania
Rhode Island
Tennessee
Utah
Virginia
Washington
Wisconsin
","California
Connecticut
Hawaii
Iowa
Massachusetts
Maryland
Michigan
North Carolina
Nebraska
New Jersey
Pennsylvania
Rhode Island
Tennessee
","Connecticut
District of Columbia
Hawaii
Iowa
Illinois
Massachusetts
Michigan
North Carolina
Nebraska
New Jersey
New York
Rhode Island
"
2008,concealed weapon,"Alaska
Vermont","Alabama
Arkansas
Arizona
Colorado
Connecticut
Florida
Georgia
Idaho
Indiana
Kansas
Kentucky
Louisiana
Maine
Michigan
Minnesota
Missouri
Mississippi
Montana
North Carolina
North Dakota
Nebraska
New Hampshire
New Mexico
Nevada
Ohio
Oklahoma
Oregon
Pennsylvania
South Carolina
South Dakota
Tennessee
Texas
Utah
Virginia
Washington
West Virginia
Wyoming
","California
District of Columbia
Delaware
Hawaii
Iowa
Massachusetts
Maryland
New Jersey
New York
Rhode Island",
2008,self defense,"Arkansas
California
Colorado
District of Columbia
Idaho
Illinois
Massachusetts
Maryland
Maine
Minnesota
North Carolina
New Hampshire
New Jersey
New Mexico
Nevada
New York
Ohio
Oregon
Rhode Island
Virginia
Vermont
Washington
Wisconsin
West Virginia
Wyoming
","Connecticut
Delaware
Hawaii
Iowa
North Dakota
Nebraska
Ohio
Pennsylvania
","Alaska
Missouri
Montana","Alabama
Arizona
Florida
Georgia
Indiana
Kansas
Kentucky
Louisiana
Michigan
Mississippi
Oklahoma
South Carolina
South Dakota
Tennessee
Texas
Utah
West Virginia"
2008,child access,"Colorado
Georgia
Indiana
Kentucky
Missouri
Mississippi
Oklahoma
Pennsylvania
Tennessee
Utah
","Colorado
Georgia
Indiana
Kentucky
Missouri
Mississippi
Oklahoma
Pennsylvania
Tennessee
Utah",,
2009,background check,"all
","Arizona
California
Colorado
Connecticut
Delaware
Florida
Georgia
Hawaii
Iowa
Idaho
Illinois
Indiana
Massachusetts
Maryland
Michigan
Minnesota
North Carolina
Nebraska
New Hampshire
New Jersey
New York
Oregon
Pennsylvania
Rhode Island
Tennessee
Utah
Virginia
Washington
Wisconsin
","California
Connecticut
Hawaii
Iowa
Massachusetts
Maryland
Michigan
North Carolina
Nebraska
New Jersey
Pennsylvania
Rhode Island
Tennessee","Connecticut
District of Columbia
Hawaii
Iowa
Illinois
Massachusetts
Michigan
North Carolina
Nebraska
New Jersey
New York
Rhode Island"
2009,concealed weapon,"Alaska
Vermont","Alabama
Arkansas
Arizona
Colorado
Connecticut
Florida
Georgia
Idaho
Indiana
Kansas
Kentucky
Louisiana
Maine
Michigan
Minnesota
Missouri
Mississippi
Montana
North Carolina
North Dakota
Nebraska
New Hampshire
New Mexico
Nevada
Ohio
Oklahoma
Oregon
Pennsylvania
South Carolina
South Dakota
Tennessee
Texas
Utah
Virginia
Washington
West Virginia
Wyoming
","California
District of Columbia
Delaware
Hawaii
Iowa
Massachusetts
Maryland
New Jersey
New York
Rhode Island","Illinois
Wisconsin"
2009,self defense,"Arkansas
California
Colorado
District of Columbia
Idaho
Illinois
Massachusetts
Maryland
Maine
Minnesota
North Carolina
New Hampshire
New Jersey
New Mexico
Nevada
New York
Oregon
Rhode Island
Virginia
Vermont
Washington
Wisconsin
Wyoming
","Connecticut
Delaware
Hawaii
Iowa
North Dakota
Nebraska
Ohio
Pennsylvania
","Alaska
Missouri
Montana","Alabama
Arizona
Florida
Georgia
Indiana
Kansas
Kentucky
Louisiana
Michigan
Mississippi
Montana
Oklahoma
South Carolina
South Dakota
Tennessee
Texas
Utah
West Virginia
"
2009,child access,"Colorado
Georgia
Indiana
Kentucky
Missouri
Mississippi
Oklahoma
Pennsylvania
Tennessee
Utah


","California
Connecticut
District of Columbia
Delaware
Florida
Hawaii
Iowa
Illinois
Massachusetts
Maryland
Minnesota
North Carolina
New Hampshire
New Jersey
Nevada
Rhode Island
Texas
Virginia
Wisconsin
",,
2010,background check,"all
","Arizona
California
Colorado
Connecticut
Delaware
Florida
Georgia
Hawaii
Iowa
Idaho
Illinois
Indiana
Massachusetts
Maryland
Michigan
Minnesota
North Carolina
Nebraska
New Hampshire
New Jersey
New York
Oregon
Pennsylvania
Rhode Island
Tennessee
Utah
Virginia
Washington
Wisconsin


","California
Connecticut
Hawaii
Iowa
Massachusetts
Maryland
Michigan
North Carolina
Nebraska
New Jersey
Pennsylvania
Rhode Island
Tennessee
","Connecticut
District of Columbia
Hawaii
Iowa
Illinois
Massachusetts
Michigan
North Carolina
Nebraska
New Jersey
New York
Rhode Island"
2010,concealed weapon,"Alaska
Arizona
Vermont","Alabama
Arkansas
Arizona
Colorado
Connecticut
Florida
Georgia
Idaho
Indiana
Kansas
Kentucky
Louisiana
Maine
Michigan
Minnesota
Missouri
Mississippi
Montana
North Carolina
North Dakota
Nebraska
New Hampshire
New Mexico
Nevada
Ohio
Oklahoma
Oregon
Pennsylvania
South Carolina
South Dakota
Tennessee
Texas
Utah
Virginia
Washington
West Virginia
Wyoming","California
District of Columbia
Delaware
Hawaii
Iowa
Massachusetts
Maryland
New Jersey
New York
Rhode Island","Illinois
Wisconsin"
2010,self defense,"Arkansas
California
Colorado
District of Columbia
Idaho
Illinois
Massachusetts
Maryland
Maine
Minnesota
North Carolina
New Hampshire
New Jersey
New Mexico
Nevada
New York
Oregon
Rhode Island
Virginia
Vermont
Washington
Wisconsin
Wyoming
","Connecticut
Delaware
Hawaii
Iowa
North Dakota
Nebraska
Ohio
Pennsylvania
","Alaska
Missouri","Alabama
Arizona
Florida
Georgia
Indiana
Kansas
Kentucky
Louisiana
Michigan
Mississippi
Montana
Oklahoma
South Carolina
South Dakota
Tennessee
Texas
Utah
West Virginia"
2010,child access,"Colorado
Georgia
Indiana
Kentucky
Missouri
Mississippi
Oklahoma
Pennsylvania
Tennessee
Utah
","California
Connecticut
District of Columbia
Delaware
Florida
Hawaii
Iowa
Illinois
Massachusetts
Maryland
Minnesota
North Carolina
New Hampshire
New Jersey
Nevada
Rhode Island
Texas
Virginia
Wisconsin
",,
2011,background check,"all
","Arizona
California
Colorado
Connecticut
Delaware
Florida
Georgia
Hawaii
Iowa
Idaho
Illinois
Indiana
Massachusetts
Maryland
Michigan
Minnesota
North Carolina
Nebraska
New Hampshire
New Jersey
New York
Oregon
Pennsylvania
Rhode Island
Tennessee
Utah
Virginia
Washington
Wisconsin
","California
Connecticut
Hawaii
Iowa
Massachusetts
Maryland
Michigan
North Carolina
Nebraska
New Jersey
Pennsylvania
Rhode Island
Tennessee
","Connecticut
District of Columbia
Hawaii
Iowa
Illinois
Massachusetts
Michigan
North Carolina
Nebraska
New Jersey
New York
Rhode Island
"
2011,concealed weapon,"Alaska
Arizona
Vermont
Wyoming","Alabama
Arkansas
Colorado
Connecticut
Florida
Georgia
Iowa
Idaho
Indiana
Kansas
Kentucky
Louisiana
Maine
Michigan
Minnesota
Missouri
Mississippi
Montana
North Carolina
North Dakota
Nebraska
New Hampshire
New Mexico
Nevada
Ohio
Oklahoma
Oregon
Pennsylvania
South Carolina
South Dakota
Tennessee
Texas
Utah
Virginia
Washington
Wisconsin
West Virginia
Wyoming
","California
District of Columbia
Delaware
Hawaii
Massachusetts
Maryland
New Jersey
New York
Rhode Island",Illinois
2011,self defense,"Arkansas
California
Colorado
District of Columbia
Idaho
Illinois
Massachusetts
Maryland
Maine
Minnesota
North Carolina
New Hampshire
New Jersey
New Mexico
Nevada
New York
Oregon
Rhode Island
Virginia
Vermont
Washington
Wisconsin
Wyoming","Connecticut
Delaware
Hawaii
Iowa
North Dakota
Nebraska
Ohio
Pennsylvania
Wisconsin
","Alaska
Missouri","Alabama
Arizona
Florida
Georgia
Indiana
Kansas
Kentucky
Louisiana
Michigan
Mississippi
Montana
North Carolina
New Hampshire
Nevada
Oklahoma
Pennsylvania
South Carolina
South Dakota
Tennessee
Texas
Utah
West Virginia
"
2011,child access,"Colorado
Georgia
Indiana
Kentucky
Missouri
Mississippi
Oklahoma
Pennsylvania
Tennessee
Utah","California
Connecticut
District of Columbia
Delaware
Florida
Hawaii
Iowa
Illinois
Massachusetts
Maryland
Minnesota
North Carolina
New Hampshire
New Jersey
Nevada
Rhode Island
Texas
Virginia
Wisconsin
",,
2012,background check,"all
","Arizona
California
Colorado
Connecticut
Delaware
Florida
Georgia
Hawaii
Iowa
Idaho
Illinois
Indiana
Massachusetts
Maryland
Michigan
Minnesota
North Carolina
Nebraska
New Hampshire
New Jersey
New York
Oregon
Pennsylvania
Rhode Island
Tennessee
Utah
Virginia
Washington
Wisconsin
","California
Connecticut
Hawaii
Iowa
Massachusetts
Maryland
Michigan
North Carolina
Nebraska
New Jersey
Pennsylvania
Rhode Island
Tennessee
","Connecticut
District of Columbia
Hawaii
Iowa
Illinois
Massachusetts
Michigan
North Carolina
Nebraska
New Jersey
New York
Rhode Island
"
2012,concealed weapon,"Alaska
Arizona
Vermont
Wyoming","Alabama
Arkansas
Colorado
Connecticut
Florida
Georgia
Iowa
Idaho
Indiana
Kansas
Kentucky
Louisiana
Maine
Michigan
Minnesota
Missouri
Mississippi
Montana
North Carolina
North Dakota
Nebraska
New Hampshire
New Mexico
Nevada
Ohio
Oklahoma
Oregon
Pennsylvania
South Carolina
South Dakota
Tennessee
Texas
Utah
Virginia
Washington
Wisconsin
West Virginia
","California
District of Columbia
Delaware
Hawaii
Massachusetts
Maryland
New Jersey
New York
Rhode Island
",Illinois
2012,self defense,"Arkansas
California
Colorado
District of Columbia
Idaho
Illinois
Massachusetts
Maryland
Maine
Minnesota
New Jersey
New Mexico
New York
Oregon
Rhode Island
Virginia
Vermont
Washington
Wyoming
","Connecticut
Delaware
Hawaii
Iowa
North Dakota
Nebraska
Ohio
Wisconsin
","Alaska
Missouri","Alabama
Arizona
Florida
Georgia
Indiana
Kansas
Kentucky
Louisiana
Michigan
Mississippi
Montana
North Carolina
New Hampshire
Nevada
Oklahoma
Pennsylvania
South Carolina
South Dakota
Tennessee
Texas
Utah
West Virginia
"
2012,child access,"Colorado
Georgia
Indiana
Kentucky
Missouri
Mississippi
Oklahoma
Pennsylvania
Tennessee
Utah","California
Connecticut
District of Columbia
Delaware
Florida
Hawaii
Iowa
Illinois
Massachusetts
Maryland
Minnesota
North Carolina
New Hampshire
New Jersey
Nevada
Rhode Island
Texas
Virginia
Wisconsin
",,
2013,background check,"all
","Arizona
California
Colorado
Connecticut
Delaware
Florida
Georgia
Hawaii
Iowa
Idaho
Illinois
Indiana
Massachusetts
Maryland
Michigan
Minnesota
North Carolina
Nebraska
New Hampshire
New Jersey
New York
Oregon
Pennsylvania
Rhode Island
Tennessee
Utah
Virginia
Washington
Wisconsin
","California
Colorado
Connecticut
Delaware
Hawaii
Iowa
Massachusetts
Maryland
Michigan
North Carolina
Nebraska
New Jersey
New York
Pennsylvania
Rhode Island
Tennessee
","Connecticut
District of Columbia
Hawaii
Iowa
Illinois
Massachusetts
Maryland
Michigan
North Carolina
Nebraska
New Jersey
New York
Rhode Island
"
2013,concealed weapon,"Alaska
Arizona
Vermont
Wyoming","Alabama
Arkansas
Colorado
Connecticut
Florida
Georgia
Iowa
Idaho
Illinois
Indiana
Kansas
Kentucky
Louisiana
Maine
Michigan
Minnesota
Missouri
Mississippi
Montana
North Carolina
North Dakota
Nebraska
New Hampshire
New Mexico
Nevada
Ohio
Oklahoma
Oregon
Pennsylvania
South Carolina
South Dakota
Tennessee
Texas
Utah
Virginia
Washington
Wisconsin
West Virginia
","California
District of Columbia
Delaware
Hawaii
Massachusetts
Maryland
New Jersey
New York
Rhode Island
",Illinois
2013,self defense,"Arkansas
California
Colorado
District of Columbia
Idaho
Illinois
Massachusetts
Maryland
Maine
Minnesota
New Jersey
New Mexico
New York
Oregon
Rhode Island
Virginia
Vermont
Washington
Wyoming
","Connecticut
Delaware
Hawaii
Iowa
North Dakota
Nebraska
Ohio
Wisconsin","Alaska
Missouri","Alaska
Alabama
Arizona
Florida
Georgia
Indiana
Kansas
Kentucky
Louisiana
Michigan
Mississippi
Montana
North Carolina
New Hampshire
Nevada
Oklahoma
Pennsylvania
South Carolina
South Dakota
Tennessee
Texas
Utah
West Virginia


"
2013,child access,"Colorado
Georgia
Indiana
Kentucky
Missouri
Mississippi
Oklahoma
Pennsylvania
Tennessee
Utah
","California
Connecticut
District of Columbia
Delaware
Florida
Hawaii
Iowa
Illinois
Massachusetts
Maryland
Minnesota
North Carolina
New Hampshire
New Jersey
Nevada
Rhode Island
Texas
Virginia
Wisconsin
",,
2014,background check,"all
","Arizona
California
Colorado
Connecticut
Delaware
Florida
Georgia
Hawaii
Iowa
Idaho
Illinois
Indiana
Massachusetts
Maryland
Michigan
Minnesota
North Carolina
Nebraska
New Hampshire
New Jersey
New York
Oregon
Pennsylvania
Rhode Island
Tennessee
Utah
Virginia
Washington
Wisconsin
","California
Colorado
Connecticut
Delaware
Hawaii
Iowa
Massachusetts
Maryland
Michigan
North Carolina
Nebraska
New Jersey
New York
Pennsylvania
Rhode Island
Tennessee
Washington
","Connecticut
District of Columbia
Hawaii
Iowa
Illinois
Massachusetts
Maryland
Michigan
North Carolina
Nebraska
New Jersey
New York
Rhode Island
"
2014,concealed weapon,"Alaska
Arizona
Vermont
Wyoming","Alabama
Arkansas
Colorado
Connecticut
Florida
Georgia
Iowa
Idaho
Illinois
Indiana
Kansas
Kentucky
Louisiana
Maine
Michigan
Minnesota
Missouri
Mississippi
Montana
North Carolina
North Dakota
Nebraska
New Hampshire
New Mexico
Nevada
Ohio
Oklahoma
Oregon
Pennsylvania
South Carolina
South Dakota
Tennessee
Texas
Utah
Virginia
Washington
Wisconsin
West Virginia
","California
District of Columbia
Delaware
Hawaii
Massachusetts
Maryland
New Jersey
New York
Rhode Island",
2014,self defense,"Arkansas
California
Colorado
District of Columbia
Idaho
Illinois
Massachusetts
Maryland
Maine
Minnesota
New Jersey
New Mexico
New York
Oregon
Rhode Island
Virginia
Vermont
Washington
Wyoming
","Connecticut
Delaware
Hawaii
Iowa
North Dakota
Nebraska
Ohio
Wisconsin",Missouri,"Alaska
Alabama
Arizona
Florida
Georgia
Indiana
Kansas
Kentucky
Louisiana
Michigan
Mississippi
Montana
North Carolina
New Hampshire
Nevada
Oklahoma
Pennsylvania
South Carolina
South Dakota
Tennessee
Texas
Utah
West Virginia
"
2014,child access,"Colorado
Georgia
Indiana
Kentucky
Missouri
Mississippi
Oklahoma
Pennsylvania
Tennessee
Utah


","California
Connecticut
District of Columbia
Delaware
Florida
Hawaii
Iowa
Illinois
Massachusetts
Maryland
Minnesota
North Carolina
New Hampshire
New Jersey
Nevada
Rhode Island
Texas
Virginia
Wisconsin
",,
2015,background check,"all
","Arizona
California
Colorado
Connecticut
Delaware
Florida
Georgia
Hawaii
Iowa
Idaho
Illinois
Indiana
Massachusetts
Maryland
Michigan
Minnesota
North Carolina
Nebraska
New Hampshire
New Jersey
New York
Oregon
Pennsylvania
Rhode Island
Tennessee
Utah
Virginia
Washington
Wisconsin
","California
Colorado
Connecticut
Delaware
Hawaii
Iowa
Massachusetts
Maryland
Michigan
North Carolina
Nebraska
New Jersey
New York
Oregon
Pennsylvania
Rhode Island
Tennessee
Washington
","Connecticut
District of Columbia
Hawaii
Iowa
Illinois
Massachusetts
Maryland
Michigan
North Carolina
Nebraska
New Jersey
New York
Rhode Island
"
2015,concealed weapon,"Alaska
Arizona
Kansas
Maine
Vermont
Wyoming
","Alabama
Arkansas
Colorado
Connecticut
Florida
Georgia
Iowa
Idaho
Illinois
Indiana
Kansas
Kentucky
Louisiana
Maine
Michigan
Minnesota
Missouri
Mississippi
Montana
North Carolina
North Dakota
Nebraska
New Hampshire
New Mexico
Nevada
Ohio
Oklahoma
Oregon
Pennsylvania
South Carolina
South Dakota
Tennessee
Texas
Utah
Virginia
Washington
Wisconsin
West Virginia
","California
District of Columbia
Delaware
Hawaii
Massachusetts
Maryland
New Jersey
New York
Rhode Island
",
2015,self defense,"Arkansas
California
Colorado
District of Columbia
Idaho
Illinois
Massachusetts
Maryland
Maine
Minnesota
New Jersey
New Mexico
New York
Oregon
Rhode Island
Virginia
Vermont
Washington
Wyoming
","Connecticut
Delaware
Hawaii
Iowa
North Dakota
Nebraska
Ohio
Wisconsin",Missouri,"Alaska
Alabama
Arizona
Florida
Georgia
Indiana
Kansas
Kentucky
Louisiana
Michigan
Mississippi
Montana
North Carolina
New Hampshire
Nevada
Oklahoma
Pennsylvania
South Carolina
South Dakota
Tennessee
Texas
Utah
West Virginia
"
2015,child access,"Colorado
Georgia
Indiana
Kentucky
Missouri
Mississippi
Oklahoma
Pennsylvania
Tennessee
Utah
","California
Connecticut
District of Columbia
Delaware
Florida
Hawaii
Iowa
Illinois
Massachusetts
Maryland
Minnesota
North Carolina
New Hampshire
New Jersey
Nevada
Rhode Island
Texas
Virginia
Wisconsin
",,
2016,background check,"all
","Arizona
California
Colorado
Connecticut
Delaware
Florida
Georgia
Hawaii
Iowa
Idaho
Illinois
Indiana
Massachusetts
Maryland
Michigan
Minnesota
North Carolina
Nebraska
New Hampshire
New Jersey
New York
Oregon
Pennsylvania
Rhode Island
Tennessee
Utah
Virginia
Washington
Wisconsin
","California
Colorado
Connecticut
Delaware
Hawaii
Iowa
Massachusetts
Maryland
Michigan
North Carolina
Nebraska
New Jersey
New York
Oregon
Pennsylvania
Rhode Island
Tennessee
Washington
","Connecticut
District of Columbia
Hawaii
Iowa
Illinois
Massachusetts
Maryland
Michigan
North Carolina
Nebraska
New Jersey
New York
Rhode Island
"
2016,concealed weapon,"Alaska
Arizona
Idaho
Kansas
Maine
Mississippi
Vermont
West Virginia
Wyoming
","Alabama
Arkansas
Colorado
Connecticut
Florida
Georgia
Iowa
Idaho
Illinois
Indiana
Kentucky
Louisiana
Michigan
Minnesota
Missouri
Mississippi
Montana
North Carolina
North Dakota
Nebraska
New Hampshire
New Mexico
Nevada
Ohio
Oklahoma
Oregon
Pennsylvania
South Carolina
South Dakota
Tennessee
Texas
Utah
Virginia
Washington
Wisconsin
West Virginia


","California
District of Columbia
Delaware
Hawaii
Massachusetts
Maryland
New Jersey
New York
Rhode Island
",
2016,self defense,"Arkansas
California
Colorado
District of Columbia
Idaho
Illinois
Massachusetts
Maryland
Maine
Minnesota
New Jersey
New Mexico
New York
Oregon
Rhode Island
Virginia
Vermont
Washington
Wyoming","Connecticut
Delaware
Hawaii
Iowa
North Dakota
Nebraska
Ohio
Wisconsin
",,"Alaska
Alabama
Arizona
Florida
Georgia
Indiana
Kansas
Kentucky
Louisiana
Michigan
Missouri
Mississippi
Montana
North Carolina
New Hampshire
Nevada
Oklahoma
Pennsylvania
South Carolina
South Dakota
Tennessee
Texas
Utah
West Virginia


"
2016,child access,"Colorado
Georgia
Indiana
Kentucky
Missouri
Mississippi
Oklahoma
Pennsylvania
Tennessee
Utah
","California
Connecticut
District of Columbia
Delaware
Florida
Hawaii
Iowa
Illinois
Massachusetts
Maryland
Minnesota
North Carolina
New Hampshire
New Jersey
Nevada
Rhode Island
Texas
Virginia
Wisconsin
",,
2017,background check,"all
","Arizona
California
Colorado
Connecticut
Delaware
Florida
Georgia
Hawaii
Iowa
Idaho
Illinois
Indiana
Massachusetts
Maryland
Michigan
Minnesota
North Carolina
Nebraska
New Hampshire
New Jersey
New York
Oregon
Pennsylvania
Rhode Island
Tennessee
Utah
Virginia
Washington
Wisconsin


","California
Colorado
Connecticut
Delaware
Hawaii
Iowa
Massachusetts
Maryland
Michigan
North Carolina
Nebraska
New Jersey
New York
Oregon
Pennsylvania
Rhode Island
Tennessee
Vermont
Washington
","Connecticut
District of Columbia
Hawaii
Iowa
Illinois
Massachusetts
Maryland
Michigan
North Carolina
Nebraska
New Jersey
New York
Rhode Island
"
2017,concealed weapon,"Alaska
Arizona
Idaho
Kansas
Maine
Missouri
Mississippi
North Dakota
New Hampshire
Vermont
West Virginia
Wyoming
","Alabama
Arkansas
Colorado
Connecticut
District of Columbia
Florida
Georgia
Iowa
Illinois
Indiana
Kentucky
Louisiana
Michigan
Minnesota
Montana
North Carolina
North Dakota
Nebraska
New Hampshire
New Mexico
Nevada
Ohio
Oklahoma
Oregon
Pennsylvania
South Carolina
South Dakota
Tennessee
Texas
Utah
Virginia
Washington
Wisconsin
","California
District of Columbia
Delaware
Hawaii
Massachusetts
Maryland
New Jersey
New York
Rhode Island
",
2017,self defense,"Arkansas
California
Colorado
District of Columbia
Idaho
Illinois
Massachusetts
Maryland
Maine
Minnesota
New Jersey
New Mexico
New York
Oregon
Rhode Island
Virginia
Vermont
Washington
Wyoming
","Connecticut
Delaware
Hawaii
Iowa
North Dakota
Nebraska
Ohio
Wisconsin
",,"Alaska
Alabama
Arizona
Florida
Georgia
Iowa
Indiana
Kansas
Kentucky
Louisiana
Michigan
Missouri
Mississippi
Montana
North Carolina
New Hampshire
Nevada
Oklahoma
Pennsylvania
South Carolina
South Dakota
Tennessee
Texas
Utah
West Virginia
"
2017,child access,"Colorado
Georgia
Indiana
Kentucky
Missouri
Mississippi
Oklahoma
Pennsylvania
Tennessee
Utah
","California
Connecticut
District of Columbia
Delaware
Florida
Hawaii
Iowa
Illinois
Massachusetts
Maryland
Minnesota
North Carolina
New Hampshire
New Jersey
Nevada
Rhode Island
Texas
Virginia
Wisconsin
",,
2018,background check,,"Arizona
California
Colorado
Connecticut
Delaware
Florida
Georgia
Hawaii
Iowa
Idaho
Illinois
Indiana
Massachusetts
Maryland
Michigan
Minnesota
North Carolina
Nebraska
New Hampshire
New Jersey
New York
Oregon
Pennsylvania
Rhode Island
Tennessee
Utah
Virginia
Washington
Wisconsin
","California
Colorado
Connecticut
Delaware
Hawaii
Iowa
Massachusetts
Maryland
Michigan
North Carolina
Nebraska
New Jersey
New York
Oregon
Pennsylvania
Rhode Island
Tennessee
Vermont
Washington
","Connecticut
District of Columbia
Hawaii
Iowa
Illinois
Massachusetts
Maryland
Michigan
North Carolina
Nebraska
New Jersey
New York
Rhode Island


"
2018,concealed weapon,"Alaska
Arkansas
Arizona
Idaho
Kansas
Maine
Missouri
Mississippi
North Dakota
New Hampshire
Vermont
West Virginia
Wyoming","Alabama
Arkansas
Colorado
Connecticut
District of Columbia
Florida
Georgia
Iowa
Illinois
Indiana
Kentucky
Louisiana
Michigan
Minnesota
Montana
North Carolina
Nebraska
New Mexico
Nevada
Ohio
Oklahoma
Oregon
Pennsylvania
South Carolina
South Dakota
Tennessee
Texas
Utah
Virginia
Washington
Wisconsin
","California
Delaware
Hawaii
Massachusetts
Maryland
New Jersey
New York
Rhode Island",
2018,self defense,"Arkansas
California
Colorado
District of Columbia
Idaho
Illinois
Massachusetts
Maryland
Maine
Minnesota
New Jersey
New Mexico
New York
Oregon
Rhode Island
Virginia
Vermont
Washington
Wyoming
","Connecticut
Delaware
Hawaii
North Dakota
Nebraska
Ohio
Wisconsin
",,"Connecticut
Delaware
Hawaii
North Dakota
Nebraska
Ohio
Wisconsin


"
2018,child access,"Colorado
Georgia
Indiana
Kentucky
Missouri
Mississippi
Oklahoma
Pennsylvania
Tennessee
Utah
","California
Connecticut
District of Columbia
Delaware
Florida
Hawaii
Iowa
Illinois
Massachusetts
Maryland
Minnesota
North Carolina
New Hampshire
New Jersey
Nevada
Rhode Island
Texas
Virginia
Wisconsin
",,
2019,background check,"all
","Arizona
California
Colorado
Connecticut
Delaware
Florida
Georgia
Hawaii
Iowa
Idaho
Illinois
Indiana
Massachusetts
Maryland
Michigan
Minnesota
North Carolina
Nebraska
New Hampshire
New Jersey
New York
Oregon
Pennsylvania
Rhode Island
Tennessee
Utah
Virginia
Washington
Wisconsin","California
Colorado
Connecticut
Delaware
Hawaii
Iowa
Massachusetts
Maryland
Michigan
North Carolina
Nebraska
New Jersey
New Mexico
New York
Oregon
Pennsylvania
Rhode Island
Tennessee
Vermont
Washington","Connecticut
District of Columbia
Hawaii
Iowa
Illinois
Massachusetts
Maryland
Michigan
North Carolina
Nebraska
New Jersey
New York
Rhode Island
"
2019,concealed weapon,"Alaska
Arkansas
Arizona
Idaho
Kansas
Kentucky
Maine
Missouri
Mississippi
North Dakota
New Hampshire
Oklahoma
South Dakota
Vermont
West Virginia
Wyoming
","Alabama
Colorado
Connecticut
District of Columbia
Florida
Georgia
Iowa
Illinois
Indiana
Kentucky
Louisiana
Michigan
Minnesota
Montana
North Carolina
Nebraska
New Mexico
Nevada
Ohio
Oklahoma
Oregon
Pennsylvania
South Carolina
South Dakota
Tennessee
Texas
Utah
Virginia
Washington
Wisconsin
","California
Delaware
Hawaii
Massachusetts
Maryland
New Jersey
New York
Rhode Island
",
2019,self defense,"Arkansas
California
Colorado
District of Columbia
Illinois
Massachusetts
Maryland
Maine
Minnesota
New Jersey
New Mexico
New York
Oregon
Rhode Island
Virginia
Vermont
Washington
","Connecticut
Delaware
Hawaii
North Dakota
Nebraska
Ohio
Wisconsin
",,"Alaska
Alabama
Arizona
Florida
Georgia
Iowa
Idaho
Indiana
Kansas
Kentucky
Louisiana
Michigan
Missouri
Mississippi
Montana
North Carolina
New Hampshire
Nevada
Oklahoma
Pennsylvania
South Carolina
South Dakota
Tennessee
Texas
Utah
West Virginia
Wyoming


"
2019,child access,"Colorado
Georgia
Indiana
Kentucky
Missouri
Mississippi
New York
Oklahoma
Pennsylvania
Tennessee
Utah
","California
Connecticut
District of Columbia
Delaware
Florida
Hawaii
Iowa
Illinois
Massachusetts
Maryland
Minnesota
North Carolina
New Hampshire
New Jersey
Nevada
Rhode Island
Texas
Virginia
Washington
Wisconsin",,
2020,background check,"all
","Arizona
California
Colorado
Connecticut
Delaware
Florida
Georgia
Hawaii
Iowa
Idaho
Illinois
Indiana
Massachusetts
Maryland
Michigan
Minnesota
North Carolina
Nebraska
New Hampshire
New Jersey
New York
Oregon
Pennsylvania
Rhode Island
Tennessee
Utah
Virginia
Washington
Wisconsin


","California
Colorado
Connecticut
Delaware
Hawaii
Iowa
Massachusetts
Maryland
Michigan
North Carolina
Nebraska
New Jersey
New Mexico
Nevada
New York
Oregon
Pennsylvania
Rhode Island
Tennessee
Vermont
Washington","Connecticut
District of Columbia
Hawaii
Iowa
Illinois
Massachusetts
Maryland
Michigan
North Carolina
Nebraska
New Jersey
New York
Rhode Island
"
2020,concealed weapon,"Alaska
Arkansas
Arizona
Idaho
Kansas
Maine
Missouri
Mississippi
North Dakota
New Hampshire
Vermont
West Virginia
Wyoming
","Alabama
Colorado
Connecticut
District of Columbia
Florida
Georgia
Iowa
Illinois
Indiana
Louisiana
Michigan
Minnesota
Montana
North Carolina
Nebraska
New Mexico
Nevada
Ohio
Oregon
Pennsylvania
South Carolina
Tennessee
Texas
Utah
Virginia
Washington
Wisconsin
","California
Delaware
Hawaii
Massachusetts
Maryland
New Jersey
New York
Rhode Island
",
2020,self defense,"Arkansas
California
Colorado
District of Columbia
Illinois
Massachusetts
Maryland
Maine
Minnesota
New Jersey
New Mexico
New York
Oregon
Rhode Island
Virginia
Vermont
Washington
","Connecticut
Delaware
Hawaii
North Dakota
Nebraska
Ohio
Wisconsin
",,"Alaska
Alabama
Arizona
Florida
Georgia
Iowa
Idaho
Indiana
Kansas
Kentucky
Louisiana
Michigan
Missouri
Mississippi
Montana
North Carolina
New Hampshire
Nevada
Oklahoma
Pennsylvania
South Carolina
South Dakota
Tennessee
Texas
Utah
West Virginia
Wyoming


"
2020,child access,"Indiana
Kentucky
Missouri
Mississippi
New York
Oklahoma
Pennsylvania
Tennessee
Utah","District of Columbia
Delaware
Florida
Hawaii
Iowa
Illinois
Massachusetts
Maryland
Minnesota
North Carolina
New Hampshire
New Jersey
Nevada
Rhode Island
Texas
Virginia
Washington
Wisconsin",,